{"accuracy": [0.47694632411003113, 0.8427815437316895, 0.9017384648323059, 0.9319728016853333, 0.9652305245399475], "loss": [1738.021728515625, 15.394547462463379, 6.5993828773498535, 2.4135730266571045, 1.2678277492523193], "val_accuracy": [0.6833333373069763, 0.6833333373069763, 0.6833333373069763, 0.7166666388511658, 0.800000011920929], "val_loss": [51.83433532714844, 32.609352111816406, 25.17108154296875, 20.54937171936035, 18.610029220581055]}